correct,incorrect,premise,pos_sim,neg_sim
,"'Phil Jones said that for the past 15 years there has been no ""statistically significant"" warming.","The authors concluded that ""Northern Hemisphere mean annual temperatures for three of the past eight years are warmer than any other year since (at least) AD1400"", and estimated empirically that greenhouse gases had become the dominant climate forcing during the 20th century.",,-0.03788322600000005
,Marine life has nothing whatsoever to fear from ocean acidification.”,"Human activities affect marine life and marine habitats through overfishing, pollution, acidification and the introduction of invasive species.",,-0.44689196
,"""...there is the contention by Wolfgang Knorr of the Department of Earth Sciences at the University of Bristol in England that carbon dioxide levels in the atmosphere are about where they were 160 years ago."" (as quoted by Ken Ward Jr.)","For example, diverse geochemical and paleontological proxies indicate that at the maximum of global warmth the atmospheric carbon dioxide values were at 700–900 ppm while other proxies such as pedogenic (soil building) carbonate and marine boron isotopes indicate large changes of carbon dioxide of over 2,000 ppm over periods of time of less than 1 million years.",,0.7183576999999999
,CO2 constitutes 80% of the non-condensing greenhouse gas forcing.,"The trucking and haulage industry plays a part in production of CO 2, contributing around 20% of the UK's total carbon emissions a year, with only the energy industry having a larger impact at around 39%.",,0.2435984
,The figure traditionally cited that suggests 97 per cent of climate scientists agree that global warming is man-made was also found to be flawed.,"The scientific consensus as of 2013[update], as stated in the IPCC Fifth Assessment Report, is that it ""is extremely likely that human influence has been the dominant cause of the observed warming since the mid-20th century"".",,0.86103266
,"I think about all the 194 countries that signed onto the Paris accord, the U.S. is the one that's leading the world in reducing emissions.","On 1 April 2016, the United States and China, which together represent almost 40% of global emissions, issued a joint statement confirming that both countries would sign the Paris Climate Agreement.",,0.6041582000000001
,"there has been no systematic increase in the frequency of extreme weather events,",This has led to an increase in the number and severity of extreme weather events.,,-0.008624339499999967
,Climategate CRU emails suggest conspiracy,"""'Conspiracy theories finally laid to rest' by report on leaked climate change emails"".",,0.684037
,sea-level rise is not accelerating.,"""Antarctica ice melt has accelerated by 280% in the last 4 decades"".",,-0.12585256
,If we double atmospheric carbon dioxide[…] we’d only raise global surface temperatures by about a degree Celsius.,"On the other hand, any doubling of the percentage of carbon dioxide in the air would raise the temperature of the earth's surface by 4°; and if the carbon dioxide were increased fourfold, the temperature would rise by 8°.""",,0.10384813999999998
,a study that totally debunks the whole concept of man-made Global Warming,"""Warming 'very likely' human-made"".",,0.12989852999999996
,This argument originates from Angstrom's work in 1901.,This classic was originally published in French in 1958.,,-0.4876000300000002
,"Therefore, CO2 levels could not have forced temperatures to rise.","During the late 20th century, a scientific consensus evolved that increasing concentrations of greenhouse gases in the atmosphere cause a substantial rise in global temperatures and changes to other parts of the climate system, with consequences for the environment and for human health.",,-0.3642158
,"""Many people think the science of climate change is settled.","Many of the issues that are settled within the scientific community, such as human responsibility for global warming, remain the subject of politically or economically motivated attempts to downplay, dismiss or deny them—an ideological phenomenon categorised by academics and scientists as climate change denial.",,0.8982356
,There is no empirical evidence that increasing greenhouse gases are the primary cause of Global Warming,"In the scientific literature, there is an overwhelming consensus that global surface temperatures have increased in recent decades and that the trend is caused mainly by human-induced emissions of greenhouse gases.",,-0.12675146999999998
,The temperatures are expected to change by as much as 10 Fahrenheit degrees at different places of the globe.,"About a billion years from now, all surface water will have disappeared and the mean global temperature will reach 70 °C (158 °F).",,0.7358359000000001
,"“The oceans, which absorb more than 90% of the extra CO2 pumped into the atmosphere“","Currently, about half of the carbon dioxide released from the burning of fossil fuels remains in the atmosphere and is not absorbed by vegetation and the oceans.",,-0.54362535
,"However, since 1998, little warming has occurred while carbon dioxide emissions continue to increase.",The sharp acceleration in CO 2 emissions since 2000 to more than a 3% increase per year (more than 2 ppm per year) from 1.1% per year during the 1990s is attributable to the lapse of formerly declining trends in carbon intensity of both developing and developed nations.,,0.8292368000000001
,Numerous papers have documented how IPCC predictions are more likely to underestimate the climate response.,"They judge that global mean surface air temperature has increased by 0.3 to 0.6 °C over the last 100 years, broadly consistent with prediction of climate models, but also of the same magnitude as natural climate variability.",,0.6350514
,U.S. Forest Service data show pine beetle infestations have recently declined dramatically throughout the western United States.,"However, unusually hot, dry summers and mild winters throughout the region during the last few years, along with forests filled with mature lodgepole pine, have led to an unprecedented epidemic.",,-0.8409052000000002
,"Tree-ring proxy reconstructions are reliable before 1960, tracking closely with the instrumental record and other independent proxies.",The deviation of some tree ring proxy measurements from the instrumental record since the 1950s raises the question of the reliability of tree ring proxies in the period before the instrumental temperature record.,,0.94427836
,Preventing future pandemics requires more not less “industrial” agriculture,There are many potential impacts on human health due to the modern cattle industrial agriculture system.,,-0.28354670000000004
,Global human emissions are only 3 per cent of total annual emissions.,"It is one of the largest sources of greenhouse gases, responsible for 18% of the world's greenhouse gas emissions as measured in CO2 equivalents.",,-0.35864356
,Lake-bottom sediments in Florida tell us that recent major hurricane activity in the Gulf of Mexico has been less frequent than in centuries past.,Few major hurricanes struck the Gulf coast during 3000–1400 BC and again during the most recent millennium.,,-0.25351363000000005
,Humans are too insignificant to affect global climate.,"Currently, through land development, combustion of fossil fuels, and pollution, humans are thought to be the main contributor to global climate change.",,-0.5801387
,Cosmic rays show no trend over the last 30 years & have had little impact on recent global warming.,estimated that the residual effects of the prolonged high solar activity during the last 30 years account for between 16% and 36% of warming from 1950 to 1999.,,0.11272042000000004
,Man-made greenhouse gases play only an insignificant role.”,"It is likely that anthropogenic (i.e., human-induced) warming, such as that due to elevated greenhouse gas levels, has had a discernible influence on many physical and biological systems.",,-0.583786
,’Extremely remarkable’ 2017 heads toward record for hottest year without an El Niño episode.,"It was the second-coolest year of the 21st century to date, and tied with the second-warmest year of the 20th century.",,0.16215047000000005
,"No warming since at least 1995, no melting glaciers and now no rising sea levels.","Between 1993 and 2018, thermal expansion of the oceans contributed 42% to sea level rise; the melting of temperate glaciers, 21%; Greenland, 15%; and Antarctica, 8%.",,-0.4000327
,Measurements indicating that 2017 had relatively more sea ice in the Arctic and less melting of glacial ice in Greenland casts scientific doubt on the reality of global warming.,"The effects of global warming in the Arctic include rising temperatures, loss of sea ice, and melting of the Greenland ice sheet.",,0.5347218499999999
,Satellite transmissions are extremely small and irrelevant.,"Each satellite provides three transmission beams that can support 50 channels each, carrying news, music, entertainment, and education, and including a computer multimedia service.",,-0.5611563000000002
,[Wind energy] is a more expensive way of producing energy than the alternative.,"However, U.S. civilian nuclear power is considerably more expensive than wind power.",,0.9387662999999999
,Global human emissions are only 3 per cent of total annual emissions.,"In 2008, countries with a Kyoto cap made up less than one-third of annual global carbon dioxide emissions from fuel combustion.",,-0.2906261
,CERN CLOUD experiment proved cosmic rays are causing global warming.,"In the scientific literature, there is an overwhelming consensus that global surface temperatures have increased in recent decades and that the trend is caused mainly by human-induced emissions of greenhouse gases.",,0.6484146
,“Several of the papers note that the primary influence on warming appears to be solar activity.,"(2009) found that the evidence showed that connections between solar variation and climate were more likely to be mediated by direct variation of insolation rather than cosmic rays, and concluded: ""Hence within our assumptions, the effect of varying solar activity, either by direct solar irradiance or by varying cosmic ray rates, must be less than 0.07 °C since 1956, i.e.",,0.8073039
,There is no statistical evidence that global warming is intensifying[…] droughts,"Climate change also increases droughts and heat waves that inhibit plant growth, which makes it uncertain whether this balancing feedback will persist in the future.",,0.0881159199999999
,"Carbon dioxide is not ""a primary contributor to the global warming that we see.""","""How do we know more CO2 is causing warming?"".",,-0.11552548399999996
,"In no way, shape, or form are humans warming or cooling the planet.","""Evidence is now 'unequivocal' that humans are causing global warming – UN report"".",,-0.57042164
,The report suggests significantly smaller overall  ice-mass losses than previous estimates.,The loss in Southern Alps total ice volume from 1976–2014 is 34 percent of the total.,,0.521749
,cold kills many more people than heat.,"After the elder Snart insults him and his mother, calling them weak, Cold punches him, but finds himself unable to kill him, instead getting Heat Wave to do it.",,0.1391756799999999
,"[T]he study indicates “Greenland’s ice may be less susceptible to the massive meltdown predicted by computer models of climate change, the main author ... said in an interview. ...","It is also predicted that Greenland will become warm enough by 2100 to begin an almost complete melt during the next 1,000 years or more.",,0.4908125400000001
,"“[…]The impact on calcification, metabolism, growth, fertility and survival of calcifying marine species when pH is lowered up to 0.3 units […] is beneficial, not damaging.","The German Advisory Council on Global Change stated: In order to prevent disruption of the calcification of marine organisms and the resultant risk of fundamentally altering marine food webs, the following guard rail should be obeyed: the pH of near surface waters should not drop more than 0.2 units below the pre-industrial average value in any larger ocean region (nor in the global mean).",,0.7600772999999998
,"In fact, the authors go on to estimate climate sensitivity from their findings, calculate a value between 2.3 to 4.1°C.",The IPCC literature assessment estimates that TCR likely lies between 1 °C and 2.5 °C.,,0.8394728
,"In Alaska, brown bears are changing their feeding habits to eat elderberries that ripen earlier.","In the Kamchatka peninsula and several parts of coastal Alaska, brown bears feed mostly on spawning salmon, whose nutrition and abundance explain the enormous size of the bears in these areas.",,0.48552388000000013
,Venus doesn't have a runaway greenhouse effect,"The planet Venus experienced runaway greenhouse effect, resulting in an atmosphere which is 96% carbon dioxide, with surface atmospheric pressure roughly the same as found 900 m (3,000 ft) underwater on Earth.",,-0.7803941
,Extreme weather isn't caused by global warming,Extreme Weather Prompts Unprecedented Global Warming Alert.,,-0.028953306000000012
,"“Today climate scientists are obsessed with the level of carbon dioxide in the atmosphere, a very very small part of the overall picture.","The world's most important greenhouse gas is carbon dioxide, a by-product of the burning of fossil fuels.",,0.32276288
,the warming is not nearly as great as the climate change computer models have predicted.,It is a major aspect of climate change and has been demonstrated by direct temperature measurements and by measurements of various effects of the warming.,,-0.23298936000000003
,There is not a single candidate in the Republican primary that thinks we should do anything about climate change.,"Much of the Tea Party criticism focuses on his willingness to be bipartisan and work with Democrats on issues like climate change, tax reform and immigration reform and his belief that judicial nominees should not be opposed solely on their philosophical positions.",,0.28649579999999997
,"Some, however, bristle at the belief that because floods and storms have always occurred, they should not be linked to climate change”","In 2014, the Bureau of Meteorology released a report on the state of Australia's climate that highlighted several key points, including the significant increase in Australia's temperatures (particularly night-time temperatures) and the increasing frequency of bush fires, droughts and floods, which have all been linked to climate change.",,0.0706640999999999
,"Antarctic ice fluctuates wildly year to year, and the link to man-made global warming there is not clear, NASA ice expert Walt Meier said.",There is a scientific consensus linking human activities to global warming due to industrial carbon dioxide emissions.,,-0.6095085
,"“[…]The impact on calcification, metabolism, growth, fertility and survival of calcifying marine species when pH is lowered up to 0.3 units […] is beneficial, not damaging.",The effects on the calcifying organisms at the base of the food webs could potentially destroy fisheries.,,-0.15943081999999997
,"Not only is there no scientific evidence that CO2 is a pollutant, higher CO2 concentrations actually help ecosystems support more plant and animal life.","At very high concentrations (100 times atmospheric concentration, or greater), carbon dioxide can be toxic to animal life, so raising the concentration to 10,000 ppm (1%) or higher for several hours will eliminate pests such as whiteflies and spider mites in a greenhouse.",,-0.70181894
,Ice Sheet losses are overestimated.,"The Greenland, and possibly the Antarctic, ice sheets have been losing mass recently, because losses by ablation including outlet glaciers exceed accumulation of snowfall.",,0.4276772
,"As a result, ""The warmest  year on US record is now 1934.",2013 was the warmest year ever in the contiguous United States and about one-third of all Americans experienced 10 days or more of 100-degree heat.,,0.9585142
,Sea level rise predictions are exaggerated.,"More recent research, especially into Antarctica, indicates that this is probably a conservative estimate and true long-term sea level rise might be higher.",,0.9255240600000001
,"Migration patterns show people heading for warm states like Texas and Florida, not snowy Minnesota and Michigan.”","In response to segregation, disfranchisement and agricultural depression, many African Americans migrated from Florida to northern cities in the Great Migration, in waves from 1910 to 1940, and again starting in the later 1940s.",,0.8846633399999999
,"'The UN’s Intergovernmental Panel on Climate Change misled the press and public into believing that thousands of scientists backed its claims on manmade global warming, according to Mike Hulme, a prominent climate scientist and IPCC insider.",The work of the Intergovernmental Panel on Climate Change (IPCC) represents the consensus of the international scientific community on climate change science.,,0.9320831300000001
,Marine life has nothing whatsoever to fear from ocean acidification.”,Increasing acidity is thought to have a range of potentially harmful consequences for marine organisms such as depressing metabolic rates and immune responses in some organisms and causing coral bleaching.,,-0.05106000600000005
,Individual carbon dioxide molecules have a short life time of around 5 years in the atmosphere.,The atmospheric lifetime of CO 2 is estimated of the order of 30–95 years.,,0.42061203999999996
,Excess CO2 from human emissions has a long residence time of over 100 years,"Carbon dioxide has a variable atmospheric lifetime, and cannot be specified precisely.",,-0.55292445
,"[T]he raw data, the actual thermometer data[...] shows that the US has been cooling for 80 to 90 years.","The reconstruction found significant variability around a long-term cooling trend of −0.02 °C per century, as expected from orbital forcing, interrupted in the 20th century by rapid warming which stood out from the whole period, with the 1990s ""the warmest decade, and 1998 the warmest year, at moderately high levels of confidence"".",,0.9000842600000001
,Tuvalu sea level isn't rising.,Tuvaluan leaders have been concerned about the effects of rising sea levels.,,-0.34593368
,Less than half of published scientists endorse global warming,Scientists Reach 100% Consensus on Anthropogenic Global Warming.,,-0.23887630999999998
,"In our lifetime, there has been no correlation between carbon dioxide emissions and temperature","In the scientific literature, there is an overwhelming consensus that global surface temperatures have increased in recent decades and that the trend is caused mainly by human-induced emissions of greenhouse gases.",,-0.6229844
,'Our harmless emissions of trifling quantities of carbon dioxide cannot possibly acidify the oceans.,"""Marine calcifiers exhibit mixed responses to CO 2-induced ocean acidification"".",,0.0713124650000001
,"there has been no increase in frequency or intensity of storms, floods or droughts, while deaths attributed to such natural disasters have never been fewer","Combined with sea level rise, this stratification into more extreme seasons and climates increases the frequency and severity of storm surge, floods, landslides, and droughts.",,-0.388722
,"When all forcings are combined, they show good correlation to global temperature throughout the 20th century including the mid-century cooling period.",There is still a very poor understanding of the correlation between low sunspot activity and cooling temperatures.,,0.1631184400000001
,Renewable energy investment kills jobs,Renewable power has been more effective in creating jobs than coal or oil in the United States.,,-0.09760827000000005
,"“It’s far too early to tell if what we are seeing in the Arctic, and now the Antarctic, is a sharp shift towards warmer poles with less ice.","Surface temperature increases are greatest in the Arctic, which has contributed to the retreat of glaciers, permafrost, and sea ice.",,0.11284968000000006
,"“Recent computer forecasts suggest that if greenhouse gas emissions continue at a high level, parts of Antarctica could break up rapidly, causing the ocean to rise six feet or more by the end of this century.","Over the 21st century, the IPCC projects that in a very high emissions scenario the sea level could rise by 61–110 cm.",,0.73817927
,Humans are too insignificant to affect global climate.,Humans have had a dramatic effect on the environment.,,-0.5993717000000001
,"Since 1965, more parts of the U.S. have seen a decrease in flooding than have seen an increase.","According the Vermont state government, rainfall has significantly increased in the last 50 years, storms and flooding have increased, and winters have become warmer and shorter.",,0.5042205
,The figure traditionally cited that suggests 97 per cent of climate scientists agree that global warming is man-made was also found to be flawed.,"In the scientific literature, there is an overwhelming consensus that global surface temperatures have increased in recent decades and that the trend is caused mainly by human-induced emissions of greenhouse gases.",,0.8534697
,Renewables can't provide baseload power,"This less valuable ""spare"" electricity comes from uncontrolled wind power and base load power plants such as coal, nuclear and geothermal, which still produce power at night even though demand is very low.",,0.23551290000000003
,"Climate skeptics argue temperature records have been adjusted in recent years to make the past appear cooler and the present warmer, although the Carbon Brief showed that NOAA has actually made the past warmer, evening out the difference.","It concluded, ""The weight of current multi-proxy evidence, therefore, suggests greater 20th-century warmth, in comparison with temperature levels of the previous 400 years, than was shown in the TAR.",,0.716488
,The amount of energy used to construct solar and wind facilities is greater than they produce in their working lives.,"Energy is usually harvested onsite through energy producing technologies like solar and wind, while reducing the overall use of energy with highly efficient lightning and heating, ventilation and air conditioning (HVAC) technologies.",,0.9259674
,"“Some experts, such as UN climate scientist Dr. Indur Goklany, have defended rising CO2 levels as a good thing for humanity.","A 2017 Politico article states that increased CO 2 levels may have a negative impact on the nutritional quality of various human food crops, by increasing the levels of carbohydrates, such as glucose, while decreasing the levels of important nutrients such as protein, iron, and zinc.",,-0.07368249400000004
,New Study Confirms EVs Considerably Worse For Climate Than Diesel Cars.,"""EEA report confirms: electric cars are better for climate and air quality"".",,-0.46441226999999996
,Greenland has only lost a tiny fraction of its ice mass.,"Findings show that Greenland has lost 3.8 trillion tonnes of ice since 1992, enough to raise sea levels by almost 11mm (1.06cm).",,0.19870542999999996
,Climate change need not endanger anyone”,"Given the potential threat to marine ecosystems and its ensuing impact on human society and economy, especially as it acts in conjunction with anthropogenic global warming, there is an urgent need for immediate action.""",,-0.7943932000000002
,"while it’s true that studies in some regions show polar bears are lighter in weight than they were in the 1980s, there is no evidence that more individuals are starving to death or becoming too thin to reproduce because of less summer ice.","They still manage to consume some seals, but they are food-deprived in summer as only marine mammal carcasses are an important alternative without sea ice, especially carcasses of the beluga whale.",,0.8677235999999999
,Sea level rise is decelerating.,"Over the 21st century, this is expected to rise, with glaciers contributing 7 to 24 cm (3 to 9 in) to global sea levels.",,0.2724173999999999
,The long-term correlation between CO2 and temperature is well established.,Correlation of CO 2 and temperature is not part of this evidence.,,-0.19197619
,97% consensus on human-caused global warming has been disproven.,"97% of the scientists surveyed agreed that global temperatures had increased during the past 100 years; 84% said they personally believed human-induced warming was occurring, and 74% agreed that ""currently available scientific evidence"" substantiated its occurrence.",,0.20615753999999997
,"‘Next year or the year after, the Arctic will be free of ice’",Reports have also predicted that within a few decades the Arctic Ocean will be entirely free of ice in the summer.,,0.2654261600000001
,"Over the three years from 1979 to 1982 when CO2 emissions were decreasing due to the rapid increase in the price of oil that drastically reduced consumption, there was no change in the rate of increase in atmospheric concentration of CO2 proving that humans were not the primary source for the increase in concentration.'",Combustion of fossil fuels and deforestation have caused the atmospheric concentration of carbon dioxide to increase by about 43% since the beginning of the age of industrialization.,,-0.7096333500000003
,"The cement, iron and steel, and petroleum refining industries could see their production cut by 21% 19%, and 11% respectively.”","By the first half of 2016, only 10 vehicles were manufactured per day in Venezuela with production dropping 86%.",,-0.8205322000000002
,Excess CO2 from human emissions has a long residence time of over 100 years,The atmospheric lifetime of CO 2 is estimated of the order of 30–95 years.,,0.48361096000000003
,Each of the six major past ice ages began when the atmospheric carbon dioxide content was far higher than at present.,"(BBC) 4 April A new, detailed record of past climate change has shown compelling evidence that the last ice age was ended by a rise in temperature driven by an increase in atmospheric carbon dioxide.",,0.81255955
,"It “certainly puts the kibosh on everyone saying that Antarctica’s ice is just going up and up,” Meier said.",found instead that the net change in ice mass is slightly positive at approximately 82 gigatonnes per year (with significant regional variation) which would result in Antarctic activity reducing global sea-level rise by 0.23 mm per year.,,0.23319398000000002
,"Arctic summer sea ice has shrunk by an area equal to Western Australia, and might be all gone in a decade.",About half of the analyzed models show near-complete to complete sea ice loss in September by the year 2100.,,0.7637054999999999
,"Human-produced carbon might be one of the factors [of climate change], but there’s simply no evidence that it is a significant one.","While ‘climate change’ can be due to natural forces or human activity, there is now substantial evidence to indicate that human activity – and specifically increased greenhouse gas (GHGs) emissions – is a key factor in the pace and extent of global temperature increases.",,0.44142815000000013
,Human CO2 is a tiny fraction of CO2 emissions.,Land use change (mainly deforestation in the tropics) account for up to one third of total anthropogenic CO 2 emissions.,,0.60292196
,"'Antarctic sea ice set a new record in October 2007, as photographs distributed by the National Oceanic and Atmospheric Administration showed penguins and other cold-weather creatures able to stand farther north on Southern Hemisphere sea ice than has ever been recorded.","The extent of sea ice around Antarctica (in terms of square kilometers of coverage) has remained roughly constant in recent decades, although the amount of variation it has experienced in its thickness is unclear.",,0.6220634999999999
,Renewable energy investment kills jobs,"Globally there are an estimated 7.7 million jobs associated with the renewable energy industries, with solar photovoltaics being the largest renewable employer.",,-0.21487933000000004
,"“So the bottom line of all this is that climate change is natural, not man-made.","The clear message from fingerprint studies is that the observed warming over the last half-century cannot be explained by natural factors, and is instead caused primarily by human factors.",,0.9279629599999999
,The 30 most costly hurricanes in U.S. history (according to federal data from January) show no increase in intensity over time.,"After spending a week without significantly strengthening itself in the central Atlantic, it rapidly intensified into a powerful Category 5 hurricane while moving westward towards the Bahamas on August 23.",,0.85879135
,"U.S. Pays $1 Billion into Green Climate Fund, Top Polluters Pay Nothing","So far, the Green Climate Fund has now received over $10 billion in pledges.",,-0.6029409
,"So that means that probably about half, maybe half of that nine-tenths of the degree [of total warming] might be caused by greenhouse gases",Most of the climatic warming over the last 50 years is likely to have been caused by increased concentrations of greenhouse gases in the atmosphere.,,0.7040915000000001
,"The argument that solving the global warming problem by reducing human greenhouse gas emissions is ""too hard"" generally stems from the belief that (i) our technology is not sufficiently advanced to achieve significant emissions reductions,","For example, bicycling reduces greenhouse gas emissions while reducing the effects of a sedentary lifestyle at the same time.",,0.6203829000000001
,Heat waves have been decreasing since the 1930s in the U.S. and globally.,"Massive heat waves across North America were persistent in the 1930s, many mid-Atlantic/Ohio valley states recorded their highest temperatures during July 1934.",,-0.16726023
,"The minute increase of anthropogenic CO2 in the atmosphere (0.008%) was not the cause of the warming—it was a continuation of natural cycles that occurred over the past 500 years.""",Human-caused increases in greenhouse gases are responsible for most of the observed global average surface warming of roughly 0.8 °C (1.5 °F) over the past 140 years.,,0.7533758000000002
,"His best estimate is that the  warming in response to a doubling of CO2 concentration, which may happen  this century unless the usual suspects get away with shutting down the  economies of the West, will be a harmless 1 Fahrenheit degree, not the 6  F predicted by the IPCC.""","In his first paper on the matter, he estimated that global temperature would rise by around 5 to 6 °C (9.0 to 10.8 °F) if the quantity of CO 2 was doubled.",,-0.24972870999999996
,Extreme weather isn't caused by global warming,"The effects of global warming include rising sea levels, regional changes in precipitation, more frequent extreme weather events such as heat waves, and expansion of deserts.",,-0.22404990000000002
,Phil Jones says no global warming since 1995.,"The Framework Convention was agreed on in 1992, but global emissions have risen since then.",,-0.7604337
,"Sea-level rise does not seem to depend on ocean temperature, and certainly not on CO2","This acceleration is due mostly to human-caused global warming, which is driving thermal expansion of seawater and the melting of land-based ice sheets and glaciers.",,-0.8612214300000001
,Renewable energy investment kills jobs,A key benefit that this investment growth brings is a growth in jobs.,,-0.5961538
,Tuvalu sea level isn't rising,Mean sea-level rise is projected to continue (very high confidence).,,-0.42858392
,A fast transition away from fossil fuels in the next few decades could be enough to put off rapid sea-level rise for centuries.,Sea level rise will continue over many centuries.,,0.7244565000000001
,Man-made greenhouse gases play only an insignificant role.”,"Atmospheric concentrations of anthropogenic (i.e., human-emitted) greenhouse gases have increased substantially.",,-0.7861256
,there is no relationship between temperature and carbon dioxide emissions by Â­humans[...],"A consensus, based on current evidence, now exists within the global scientific community that human activities are the main source of climate change and that the burning of fossil fuels is largely responsible for driving this change...",,-0.7121460400000001
,"A longer and warmer growing season also has an effect, Dr. Overpeck said, as plants take up more water, further reducing stream flows.","Increased temperatures and altered hydrological cycles are predicted to translate to shorter growing seasons, overall reduced biomass production, and lower grain yields.",,0.7103221400000002
,Climate change isn't increasing extreme weather damage costs,"For example, humans living on atoll islands face risks due to sea level rise, sea surface warming, and increased frequency and intensity of extreme weather events.",,0.10204031999999996
,This means the global temperature trend has now shown no further warming for 19 years,"Since the start of the 20th century, the global mean surface temperature of the Earth has increased by more than 0.7°C and the rate of warming has been largest in the last 30 years.",,-0.32513517000000003
,"(2005), where satellite altimetry  established that the mean thickness of the entire Greenland ice sheet  had increased at 2 inches per year – a total of almost 2 feet – in the  11 years 1993-2003.”","This network was used, in combination with satellite altimeter data, to establish that global mean sea-level rose 19.5 cm (7.7 in) between 1870 and 2004 at an average rate of about 1.44 mm/yr (1.7 mm/yr during the 20th century).",,0.59579
,There's no empirical evidence for climate change.,"... there is a strong, credible body of evidence, based on multiple lines of research, documenting that climate is changing and that these changes are in large part caused by human activities.",,-0.72124374
,"In reality, gas produced by fracking is worse for the climate than coal.","In this new report, the EPA concluded that shale gas emits larger amounts of methane, a potent greenhouse gas, than does conventional gas, but still far less than coal.",,0.8807961
,Renewable energy investment kills jobs.,"Some 2.3 million people have found renewable energy jobs in recent years, and projected investments of $630 billion by 2030 would translate into at least 20 million additional jobs.",,-0.3120631300000002
,"(In technical lingo, the so-called social cost of carbon would be negative.)”",Several administrative advisers have stated that the social cost should be reduced to zero (currently at $36 per ton of carbon dioxide).,,0.81828856
,Man-made greenhouse gases play only an insignificant role.”,"The largest human influence has been the emission of greenhouse gases such as carbon dioxide, methane, and nitrous oxide.",,0.10757147500000008
,"As a result, ""The warmest  year on US record is now 1934.","In 2012, the United States experienced its warmest year on record.",,0.97837317
,Tuvalu sea level isn't rising.,Tuvalu is also affected by perigean spring tide events which raise the sea level higher than a normal high tide.,,-0.33426785000000003
,Scientists retracted claim that sea levels are rising.,Sea level rise will continue over many centuries.,,-0.40127334000000003
,"'The UN’s Intergovernmental Panel on Climate Change misled the press and public into believing that thousands of scientists backed its claims on manmade global warming, according to Mike Hulme, a prominent climate scientist and IPCC insider.","There is widespread support for the IPCC in the scientific community, which is reflected in publications by other scientific bodies and experts.",,0.9451526400000001
,"Claims have recently surfaced in the blogosphere that an increasing number of scientists are warning of an imminent global cooling, some even going so far as to call it a ""growing consensus"".","In the scientific literature, there is an overwhelming consensus that global surface temperatures have increased in recent decades and that the trend is caused mainly by human-induced emissions of greenhouse gases.",,0.8141627
,the models predicted seven times as much warming as has been observed,The model predicted <0.2 °C warming for upper air at 700 mb and 500 mb.,,0.8715426
,"Thanks to a rapid rebound in recent months, global sea ice levels now equal those seen 29 years ago, when the year 1979 also drew to a close.","This post-glacial rebound, which proceeds very slowly after the melting of the ice sheet or glacier, is currently occurring in measurable amounts in Scandinavia and the Great Lakes region of North America.",,0.6400562000000001
,There is no empirical evidence that increasing greenhouse gases are the primary cause of Global Warming,There is a scientific consensus that climate is changing and that greenhouse gases emitted by human activities are the primary driver.,,-0.354264
,Weather and climate are different; climate predictions do not need weather detail.,A humid continental climate is marked by variable weather patterns and a large seasonal temperature variance.,,-0.18385240000000003
,Sea level rise is not going to happen.,This could mean rapid sea level rise of up to 19 mm (0.75 in) per year by the end of the century.,,-0.41656820000000006
,Nor is there evidence of an increase in floods globally.,With the increase in temperatures worldwide due to climate change the increase in flooding is unavoidable.,,0.3087588000000001
,“Carbon dioxide hurts nobody’s health.,There are few studies of the health effects of long-term continuous CO 2 exposure on humans and animals at levels below 1%.,,-0.6385892600000003
,"according, again, to the official figures—during this past 10 years, if anything, mean global temperature, average world temperature, has slightly declined.","In the scientific literature, there is an overwhelming consensus that global surface temperatures have increased in recent decades and that the trend is caused mainly by human-induced emissions of greenhouse gases.",,0.09269053999999999
,"Miami Congressman Carlos ""Curbelo supports drilling offshore"" and ""repeatedly voted against President Obama's ability to fight pollution and combat climate change.""","The Miami Herald wrote that Curbelo has ""attempted to position himself as the national voice for Republicans who are concerned about climate change,"" describing him as ""one of the few GOP voices speaking out against Donald Trump's decision to withdraw from the Paris Climate Agreement and his desire to dismantle the Environmental Protection Agency.""",,0.2743690299999999
,"Rather than 100 years of unprecedented global warming as predicted by  IPCC, the global temperatures have leveled off and we seem to be heading  for cooler weather.""","Currently, surface temperatures are rising by about 0.2 °C per decade.",,0.1659600699999999
,"Renew­ables such as wind turbines are environmentally disastrous because they pollute a huge land area, slice and dice birds and bats, kill insects that are bird food, create health problems for humans who live within kilometres of them, leave toxins around the turbine site and despoil the landscape.","Fossil-fueled power plants, which wind turbines generally require to make up for their weather dependent intermittency, kill almost 20 times as many birds per gigawatt hour (GWh) of electricity according to Sovacool.",,0.7699213600000001
,"The Petition Project features over 31,000 scientists signing the petition stating ""there is no convincing scientific evidence that human release of carbon dioxide will, in the forseeable future, cause catastrophic heating of the Earth's atmosphere"".","Human activities, primarily the burning of fossil fuels (coal, oil, and natural gas), and secondarily the clearing of land, have increased the concentration of carbon dioxide, methane, and other heat-trapping (""greenhouse"") gases in the atmosphere...There is international scientific consensus that most of the warming observed over the last 50 years is attributable to human activities.",,0.5571950700000001
,“Carbon dioxide hurts nobody’s health.,"When inhaled, these particles can settle in the lungs and respiratory tract and cause health problems.",,-0.5749977
,Less than half of published scientists endorse global warming.,"76 out of 79 climatologists who ""listed climate science as their area of expertise and who also have published more than 50% of their recent peer-reviewed papers on the subject of climate change"" believed that mean global temperatures had risen compared to pre-1800s levels.",,-0.008663853000000055
,However the warming trend is slower than most climate models have forecast,Physical climate models are also unable to reproduce the rapid warming observed in recent decades when taking into account only variations in solar output and volcanic activity.,,-0.14365481999999996
,"at the end of recent ice ages, the concentration of carbon dioxide in the atmosphere started to rise only after temperatures began to climb.","Reconstructed temperature records for the last 420 million years indicate that atmospheric CO 2 concentrations peaked at ~2000 ppm during the Devonian (∼400 Myrs ago) period, and again in the Triassic (220–200 Myrs ago) period.",,-0.33148690000000003
,"Whatever is driving increases in winter Arctic temperatures   is not heat coming out of the Arctic Ocean, which is covered with   insulating ice.'","Sea ice has an important effect on the heat balance of the polar oceans, since it insulates the (relatively) warm ocean from the much colder air above, thus reducing heat loss from the oceans.",,-0.7083825
,"Human-produced carbon might be one of the factors of climate change, but there’s simply no evidence that it is a significant one.","According to the United States National Research Council, [T]here is a strong, credible body of evidence, based on multiple lines of research, documenting that climate is changing and that these changes are in large part caused by human activities.",,0.6146766000000001
,"'To suddenly label CO2 as a ""pollutant"" is a disservice to a gas that has played an enormous role in the development and sustainability of all life on this wonderful Earth.","As is stated in Article 2 of the Convention, this requires that greenhouse gas (GHG) concentrations are stabilized in the atmosphere at a level where ecosystems can adapt naturally to climate change, food production is not threatened, and economic development can proceed in a sustainable fashion.",,0.59788036
,Humans are too insignificant to affect global climate,"In the real world, consumption of fossil fuel resources leads to global warming and climate change.",,-0.6924625600000001
,cold deaths actually occur during moderate temperatures,"Both the American East Coast and parts of the American Midwest had record high temperatures, killing two people on the 8th.",,-0.24814232000000003
,The warm and cool regions roughly balance each other out with little impact on global temperature.,"The main balancing feedback to global temperature change is radiative cooling to space as infrared radiation, which increases strongly with increasing temperature.",,0.8066696
,"CO2 increase is natural, not human-caused.","While CO 2 absorption and release is always happening as a result of natural processes, the recent rise in CO 2 levels in the atmosphere is known to be mainly due to human (anthropogenic) activity.",,-0.6110073000000003
,"When CO2 levels were higher in the past, solar levels were also lower.","For example, the mole fraction of carbon dioxide has increased from 280 ppm to 415 ppm, or 120 ppm over modern pre-industrial levels.",,0.5263334
"Every year air pollution protections are delayed, another 34,000 people will die prematurely.",,"Chernobyl: Consequences of the Catastrophe for People and the Environment is a 2007 Russian publication that concludes that there were 985,000 premature deaths as a consequence of the radioactivity released.",0.5276600999999999,
"The science is clear, climate change is making extreme weather events, including tornadoes, worse.",,"Documented long-term climate changes include changes in Arctic temperatures and ice, widespread changes in precipitation amounts, ocean salinity, wind patterns and extreme weather including droughts, heavy precipitation, heat waves and the intensity of tropical cyclones.",-0.15871634999999995,
"In other words, there is as yet no incontrovertible  proof either of the greenhouse effect, or its connection with alleged  global warming.",,"There is no convincing scientific evidence that human release of carbon dioxide, methane, or other greenhouse gases is causing or will, in the foreseeable future, cause catastrophic heating of the Earth's atmosphere and disruption of the Earth's climate.",-0.2841557,
"The CO2 amplifies the warming and mixes through the atmosphere, spreading warming throughout the planet.",,"Because water vapor is a greenhouse gas, this results in further warming and so is a ""positive feedback"" that amplifies the original warming.",0.7600542300000002,
Satellites measure Antarctica losing land ice at an accelerating rate.,,"All datasets generally show an acceleration of mass loss from the Antarctic ice-sheet, but with year-to-year variations.",0.43938527000000005,
"Global sea level rise surged between November 2014 and February 2016, with the El Niño event helping the oceans rise by 15mm.",,"As El Niño conditions started to develop during early 2014, sea levels in western Micronesia including in waters surrounding the island nations of Palau and Guam dropped by 6–9 feet (1.8–2.7 m).",0.3421383,
"Once natural influences, in particular the impact of El Niño and La Niña, are removed from the recent termperature record, there is no evidence of a significant change in the human contribution to climate change.",,"The introduction includes this statement: There is strong evidence that the warming of the Earth over the last half-century has been caused largely by human activity, such as the burning of fossil fuels and changes in land use, including agriculture and deforestation.",-0.10313185999999996,
"The MWP lasted from about 950 to 1250AD, and temperature records appear to show it was even hotter than today",,"The Medieval Warm Period (MWP) also known as the Medieval Climate Optimum, or Medieval Climatic Anomaly was a time of warm climate in the North Atlantic region lasting from c. 950 to c. 1250.",0.9498644999999999,
"However, this is exactly what climate scientists have predicted for California since at least the 1980s: protracted periods of warm, dry conditions punctuated by intense wet spells, with more rain and less snow, causing both drought and floods.",,"Between 2011 and 2014, California experienced the driest period in its recorded history and more than 100 million trees died in the drought, creating areas of dead, dry wood.",-0.22991781,
Preventing global warming is relatively cheap; business-as-usual will cause accelerating climate damage costs that economists struggle to even estimate.,,The total economic impacts from climate change are difficult to estimate.,0.6662400000000002,
"The thermal expansion of the oceans, compounded by melting glaciers, resulted in the highest global sea level on record in 2015.",,"Since the last glacial maximum about 20,000 years ago, the sea level has risen by more than 125 metres (410 ft), with rates varying from less than a mm/year to 40+ mm/year, as a result of melting ice sheets over Canada and Eurasia.",0.6382733599999999,
"If sea levels rise six feet due to climate change, Waterplace Park in Providence and Wickford village would be swamped",,"Instead of a global 5-meter sea level rise, western Antarctica would experience approximately 25 centimeters of sea level fall, while the United States, parts of Canada, and the Indian Ocean, would experience up to 6.5 meters of sea level rise.",0.9778137,
“Underneath the permafrost there are sediments full of methane hydrates.,,"Methane clathrate, or hydrates, occur within and below permafrost soils.",0.2533421,
"“Moreover, the ocean already contains so-called oxygen minimum zones, generally found in the middle depths.",,The oxygen minimum layer exists somewhere between a depth of 700m and 1000m deep depending on the place in the ocean.,0.769709,
"While the link between cosmic rays and cloud cover is yet to be confirmed, more importantly, there has been no correlation between cosmic rays and global temperatures over the last 30 years of global warming.",,"Together with the lack of a proven physical mechanism and the plausibility of other causal factors affecting changes in cloud cover, this makes the association between galactic cosmic ray-induced changes in aerosol and cloud formation controversial Studies by Lockwood and Fröhlich (2007) and Sloan and Wolfendale (2008) found no relation between warming in recent decades and cosmic rays.",0.22878825999999997,
CO2 emissions were much smaller 100 years ago.,,Global anthropogenic greenhouse gas emissions in 2010 were equivalent to 49 billion tonnes of carbon dioxide (using the most recent global warming potentials over 100 years from the AR5 report).,0.47353435,
Climate sensitivity can be calculated empirically by comparing past temperature change to natural forcings at the time.,,"Climate sensitivity can be estimated using observed temperature rise, observed ocean heat uptake, and modeled or observed radiative forcing.",0.9128384599999999,
"Observations throughout the world make it clear that climate change is occurring, and rigorous scientific research demonstrates that the greenhouse gases emitted by human activities are the primary driver.",,"In the scientific literature, there is an overwhelming consensus that global surface temperatures have increased in recent decades and that the trend is caused mainly by human-induced emissions of greenhouse gases.",0.9559537,
HFCs (hydrofluorocarbons) are tens of thousands of times more polluting than carbon dioxide.,,"On a molecule-for-molecule basis, these compounds are up to 10,000 times more potent greenhouse gases than carbon dioxide.",0.8148384,
There is ample evidence that Earth's average temperature has increased in the past 100 years and the decline of mid- and high-latitude glaciers is a major piece of evidence.,,"In the scientific literature, there is an overwhelming consensus that global surface temperatures have increased in recent decades and that the trend is caused mainly by human-induced emissions of greenhouse gases.",0.8603438000000001,
"a new study by scientists at the Australian Research Council finds that the ongoing bleaching event is mainly due to human-caused global warming, and that if global warming proceeds as currently expected, “large parts” of the Great Barrier Reef could die by the mid-2030s.",,"A UNESCO World Heritage Site, the reef has experienced unprecedented rates of bleaching over the past two decades, and additional warming of only 1 °C is anticipated to cause considerable losses or contractions of species associated with coral communities.",0.9364856500000001,
For decades horticulturalists have pumped carbon dioxide into glasshouses to increase yields.,,"Elevated CO2 increases crop yields and growth through an increase in photosynthetic rate, and it also decreases water loss as a result of stomatal closing.",-0.48659948,
"Melting permafrost can release not just CO2, but also methane, a much stronger heat-trapping gas.",,"Permafrost and clathrates degrade on warming, and thus, large releases of methane from these sources may arise as a result of global warming.",0.14552246000000002,
"Without carbon dioxide, all life on Earth would die",,Carbon dioxide in the Earth's atmosphere is essential to life and to most of the planetary biosphere.,0.35439339999999997,
contrary to the hypothesis that rising temperature is caused by increasing CO2.,,"Singer argues there is no evidence that the increases in carbon dioxide produced by humans cause global warming, and that if temperatures do rise it will be good for humankind.",0.6442871000000001,
A fast transition away from fossil fuels in the next few decades could be enough to put off rapid sea-level rise for centuries.,,"Slowing global warming requires a transition to a low-carbon economy, mainly by burning far less fossil fuel.",-0.69959974,
policies based on previous climate model output and predictions might need to be reconsidered,,"The 2017 United States-published National Climate Assessment notes that ""climate models may still be underestimating or missing relevant feedback processes"".",0.8433790999999999,
Ancient natural cycles are irrelevant for attributing recent global warming to humans.,,There is a scientific consensus linking human activities to global warming due to industrial carbon dioxide emissions.,-0.12532452000000005,
"Last year’s warmth was manifested across the planet, from the warm tropical ocean waters off the coast of northeastern Australia, where the Great Barrier Reef experienced its worst coral bleaching event on record and large scale coral death, to the Arctic, where sea ice hit regular monthly record lows and overall temperatures were also the warmest on record, at least from January through September 2016.",,"A March 2016 report stated that coral bleaching was more widespread than previously thought, seriously affecting the northern parts of the reef as a result of warming ocean temperatures.",-0.1282504,
"describes a world of worsening food shortages and wildfires, and a mass die-off of coral reefs as soon as 2040",,"Malnutrition, dehydration and related diseases Mass migration, resulting in internal displacement and international refugees Reduced electricity production due to reduced water-flow through hydroelectric dams Shortages of water for industrial users Snake migration, which results in snake-bites Social unrest War over natural resources, including water and food Wildfires, such as Australian bushfires, become more common during times of drought and may cause human deaths.",0.8917184,
"When CO2 emissions are compared directly to CO2 levels, there is a strong correlation in the long term trends.",,"Direct data does not exist for periods earlier than those represented in the ice core record, a record that indicates CO 2 mole fractions stayed within a range of 180 ppm to 280 ppm throughout the last 800,000 years, until the increase of the last 250 years.",0.4371226400000001,
Satellites and on-site measurements are observing that Himalayan glaciers are disappearing at an accelerating rate.,,"Overall, glaciers in the Greater Himalayan region that have been studied are retreating an average of between 18 and 20 m (59 and 66 ft) annually.",0.8699919599999999,
"I conclude that it must be ice accumulation, through evaporation of ocean water, and subsequent precipitation turning into ice.",,Much of this precipitation began as water vapor evaporated from the ocean surface.,0.8803450500000001,
Water vapor is the most powerful greenhouse gas,,"Being a component of Earth's hydrosphere and hydrologic cycle, it is particularly abundant in Earth's atmosphere where it is also a potent greenhouse gas along with other gases such as carbon dioxide and methane.",0.7889199,
“[Sea ice] also helps regulate the planet’s temperature by influencing the circulation of the atmosphere and ocean.,,"Furthermore, sea ice affects the movement of ocean waters.",0.49476074999999997,
The motions of the massive oceans where heat is moved between deep layers and the surface provides variability on time scales from years to centuries.,,El Niño and La Niña are important temperature fluctuations in surface waters of the tropical Eastern Pacific Ocean.,0.4031593199999999,
"The melting Greenland ice sheet is already a major contributor to rising sea level and if it was eventually lost entirely, the oceans would rise by six metres around the world, flooding many of the world’s largest cities.",,"The Greenland ice sheet occupies about 82% of the surface of Greenland, and if melted would cause sea levels to rise by 7.2 metres.",0.3742177,
"In the last 35 years of global warming, the sun has shown a slight cooling trend.",,"In the three decades following 1978, the combination of solar and volcanic activity is estimated to have had a slight cooling influence.",0.69698167,
The long term trend from albedo is that of cooling.,,"[citation needed] Arctic regions notably release more heat back into space than what they absorb, effectively cooling the Earth.",0.8443259000000001,
Coral atolls grow as sea levels rise.,,Gradual sea-level rise also allows for coral polyp activity to increase the reefs.,0.9823960700000001,
"Venus very likely underwent a runaway or ‘moist’ greenhouse phase earlier in its history, and today is kept hot by a dense CO2 atmosphere.",,"Studies have suggested that billions of years ago, Venus's atmosphere was much more like the one surrounding Earth, and that there may have been substantial quantities of liquid water on the surface, but after a period of 600 million to several billion years, a runaway greenhouse effect was caused by the evaporation of that original water, which generated a critical level of greenhouse gases in its atmosphere.",0.6992557000000001,
Thick arctic sea ice is in rapid retreat.,,"A composite record of Arctic ice demonstrates that the floes' retreat began around 1900, experiencing more rapid melting beginning within the past 50 years.",0.6900413599999999,
"Earth’s climate is now changing faster than at any point in the history of modern civilization, primarily as a result of human activities.",,"American Physical Society Climate Change Policy Statement, November 2007 ""Emissions of greenhouse gases from human activities are changing the atmosphere in ways that affect the Earth's climate.",0.12139977000000002,
Germany managed to increase its use of renewables and its output of carbon dioxide at the same time -- because it resorted to cheap coal to keep the lights on at a price its people could afford.,,"As a result, despite energy efficiency gains, total energy use and related carbon emissions have continued to increase.",-0.23993105000000003,
"Recent record-low water levels in Lake Michigan are evidence that global warming is leading to ""the evaporation of our Great Lakes.""",,"""Great Lakes water levels reaching record lows"".",0.59578055,
But his results are evidence that the actual climate sensitivity is about 3°C for a doubling of atmospheric CO2.,,"The IPCC (2007) estimates that the expected rise in temperature due to a doubling of CO2 to be about 3 °C (5.4 °F), ± 1.5°.",0.7379541000000001,
"Alaska Sen. Mark Begich ""is on record supporting a carbon tax, even pushing Harry Reid to make it a priority.""",,"In 2010, he signed a letter advocating the establishment of a 'price' for greenhouse gas emissions as part of national energy policy.",0.5948729500000001,
"Earth's changing climate is a critical issue and poses the risk of significant environmental, social and economic disruptions around the globe.",,"A 2013 study found that significant climatic changes were associated with a higher risk of conflict worldwide, and predicted that ""amplified rates of human conflict could represent a large and critical social impact of anthropogenic climate change in both low- and high-income countries.""",0.9690086,
"The unusual heat was most noteworthy in Europe, which had its warmest April on record, and Australia, which had its second-warmest.",,"According to the Bureau of Meteorology, Australia's annual mean temperature for 2009 was 0.90 °C (1.62 °F) above the 1961–90 average, making it the nation's second-warmest year since high-quality records began in 1910.",0.9510083,
"Sea level rise of 65 centimeters, or roughly 2 feet would cause significant problems for coastal cities around the world.",,"Further effects are higher storm-surges and more dangerous tsunamis, displacement of populations, loss and degradation of agricultural land and damage in cities.",0.3904512200000001,
No known natural forcing fits the fingerprints of observed warming except anthropogenic greenhouse gases.,,"The spatial and temporal fingerprint of warming can be traced to increasing greenhouse gas concentrations in the atmosphere, which are a direct result of burning fossil fuels, broad-scale deforestation and other human activity.""",-0.5702952,
"The latest  measurements involve the use of satellite gravimetry, estimating  the mass of terrain beneath by detecting slight changes in gravity as a  satellite passes overhead.",,"As the twin GRACE satellites circle the globe 15 times a day, they sense minute variations in Earth's gravitational pull.",0.9233815999999999,
"Extreme high temperatures were seen from India — where the city of Phalodi recorded temperatures of 51 degrees Celsius (123.8 Fahrenheit) in May, a new national record — to Iran, where a temperature of 53 degrees Celsius (127.4 F) was recorded in Delhoran on July 22.",,It holds the record for the highest verified temperature recorded in India at 51 °C (124 °F) on 19 May 2016.,0.6250624,
But the period has caused a headache for climate scientists because clearly there was no upswell in carbon dioxide that could account for such swift warming.,,"In 2009, further evidence was provided that changes in solar insolation provide the initial trigger for the earth to warm after an Ice Age, with secondary factors like increases in greenhouse gases accounting for the magnitude of the change.",-0.41519457000000004,
Preventing global warming is relatively cheap; business-as-usual will cause accelerating climate damage costs that economists struggle to even estimate.,,Researchers have warned that current economic modeling may seriously underestimate the impact of potentially catastrophic climate change and point to the need for new models that give a more accurate picture of potential damages.,0.50161433,
The atmosphere of the Earth is less able to absorb shortwave radiation from the Sun than thermal radiation coming from the surface.,,"Sunlight on the surface of Earth is attenuated by Earth's atmosphere, so that less power arrives at the surface (closer to 1,000 W/m2) in clear conditions when the Sun is near the zenith.",0.9230240999999999,
More than 500 scientists and professionals in climate and related fields have sent a 'European Climate Declaration' to the Secretary-General of the United Nations,,"This scientific opinion is expressed in synthesis reports, by scientific bodies of national or international standing, and by surveys of opinion among climate scientists.",0.87218857,
"Through its impacts on the climate, CO2 presents a danger to public health and welfare, and thus qualifies as an air pollutant",,An air pollutant is a material in the air that can have adverse effects on humans and the ecosystem.,0.8027286,
Lindzen and Choi find low climate sensitivity,,Lindzen has given estimates of the Earth's climate sensitivity to be 0.5 °C based on ERBE data.,0.9319066,
"Sea level rise of 65 centimeters, or roughly 2 feet would cause significant problems for coastal cities around the world.",,A rise of 2.4 m (8 feet) is physically possible under a high emission scenario but the authors were unable to say how likely.,0.5608602999999999,
"The ""decline"" refers to a decline in northern tree-rings, not global temperature, and is openly discussed in papers and the IPCC reports.",,"This ""decline"" referred to the well-discussed tree-ring divergence problem, but these two phrases were taken out of context by global warming sceptics, including US Senator Jim Inhofe and former Governor of Alaska Sarah Palin, as though they referred to some decline in measured global temperatures, even though they were written when temperatures were at a record high.",-0.20832046999999998,
"Over 31,000 scientists signed the OISM Petition Project",,"As of 2013, the petition's website states, ""The current list of 31,487 petition signers includes 9,029 PhD; 7,157 MS; 2,586 MD and DVM; and 12,715 BS or equivalent academic degrees.",0.49553650000000005,
"Glaciers are in rapid retreat worldwide, despite 1 error in 1 paragraph in a 3000 page IPCC report.",,Glaciers have been retreating worldwide for at least the last century; the rate of retreat has increased in the past decade.,0.87174624,
Hurricane Harvey gave Houston and the surrounding region a $125 billion lesson about the costs of misjudging the potential for floods,,"""Hurricane Harvey was year's costliest U.S. disaster at $125 billion in damages"".",0.9273984399999999,
The contribution of waste heat to the global climate is 0.028 W/m2.,,Global forcing from waste heat was 0.028 W/m2 in 2005.,0.98758155,
The most recent satellite data show that the earth as a whole is warming.,,The current scientific consensus on climate change is that the Earth underwent global warming throughout the 20th century and continues to warm.,0.45998800000000006,
"Shelters in poorer countries are not repainted as often, and darker stations absorb more of the sun’s energy.",,"Acute conditions such as sunburn, dehydration, heat stroke and allergic reactions are also common.",0.6746429,
"Despite attention on global warming, ""fewer Americans carpool today to work than carpooled in 1980"" and ""SUVs have never been a larger proportion of the vehicles being sold in this country.""",,"The SUV segment further grew to 26% of the global passenger car market in 2016, then to 36.8% of the market in Q1–Q3 of 2017.",-0.7012780000000001,
"Extreme high temperatures were seen from India — where the city of Phalodi recorded temperatures of 51 degrees Celsius (123.8 Fahrenheit) in May, a new national record — to Iran, where a temperature of 53 degrees Celsius (127.4 F) was recorded in Delhoran on July 22.",,"On 2 June 2019, the city of Churu recorded a temperature of 50.8 °C (123.4 °F), only one-fifth of a degree Celsius short of the country's highest-ever temperature, 51 °C (124 °F) during the 2016 heat wave.",0.14918329000000008,
"The ""decline"" refers to a decline in northern tree-rings, not global temperature, and is openly discussed in papers and the IPCC reports.",,"The issues with tree rings had not been hidden, but were extensively discussed in scientific literature and in IPCC reports.",0.69618446,
"“‘If you remove the ice shelf, there’s a potential that not just ice-cliff instabilities will start occurring, but a process called marine ice-sheet instabilities,’ says Matthew Wise, a polar scientist at the University of Cambridge.",,"Secondly, melting of the ice shelves, the floating extensions of the ice sheet, leads to a process named the Marine Ice Cliff Instability.",0.24028282,
"Last December, the respected  journal “Oceanography” published projections (see graphic below) for this rising acidity, measured by falling pH",,Limiting global warming to below 2 °C would imply a reduction in surface ocean pH of 0.16 from pre-industrial levels.,0.8652302000000001,
"In particular, satellite data demonstrate for the last 17 years, there's been zero warming.",,"In March 2015, he said that some people are ""global warming alarmists"" and, citing satellite temperature measurements, said that there had been no significant warming in 18 years.",-0.04932848700000003,
"Through decades of research, it has become clear that human civilization, roughly 6,000 years old, developed during an unusually stable period for global sea levels.",,"Though most of human existence has been sustained by hunting and gathering in band societies, many human societies transitioned to sedentary agriculture approximately 10,000 years ago, domesticating plants and animals, thus enabling the growth of civilization.",0.9687233,
"Barack Obama and Joe Biden will establish a 10 percent federal Renewable Portfolio Standard (RPS) to require that 10 percent of electricity consumed in the U.S. is derived from clean, sustainable energy sources, like solar, wind and geothermal by 2012.",,"A Renewable Portfolio Standard (RPS) is a mandate that requires electricity providers to supply to their customers a minimum amount of power from renewable sources, usually as a percentage of total energy use.",0.9500059999999999,
"In looking at Earth’s past, scientists can predict what the future will look like",,Scientific inquiry generally aims to obtain knowledge in the form of testable explanations that scientists can use to predict the results of future experiments.,0.85887563,
Water vapour is the most dominant greenhouse gas.,,"While water vapour (~50%) and clouds (~25%) are the biggest contributors to the greenhouse effect, they increase as a function of temperature and are therefore considered feedbacks.",0.77510345,
What they find is sea level rise has been steadily accelerating over the past century.,,"More precise data gathered from satellite radar measurements reveal an accelerating rise of 7.5 cm (3.0 in) from 1993 to 2017, which is a trend of roughly 30 cm (12 in) per century.",0.17696503000000008,
"Increased CO2 makes more water vapor, a greenhouse gas which amplifies warming",,Water vapor responds to and amplifies effects of the other greenhouse gases.,0.8070797999999999,
Climate change is a hoax invented by the Chinese.,,"Donald Trump tweeted in 2012 that the Chinese invented ""the concept of global warming"" because they believed it would somehow hurt U.S. manufacturing.",0.13087872000000011,
"The atmosphere and ocean have warmed, the amounts of snow and ice have diminished, and sea level has risen.",,"Between 1993 and 2017, the global mean sea level rose on average by 3.1 ± 0.3 mm per year, with an acceleration detected as well.",0.4926108,
"While urban areas are undoubtedly warmer than surrounding rural areas, this has had little to no impact on warming trends.",,"On the other hand, one 1999 comparison between urban and rural areas proposed that urban heat island effects have little influence on global mean temperature trends.",0.4642453500000001,
Various independent measurements of solar activity all confirm the sun has shown a slight cooling trend since 1978.,,"These measurements indicate that the Sun's total solar irradiance has not increased since 1978, so the warming during the past 30 years cannot be directly attributed to an increase in total solar energy reaching the Earth (see graph above, left).",0.21103121000000002,
"Scientific analysis of past climates shows that greenhouse gasses, principally CO2, have controlled most ancient climate changes.",,"Scientists have determined that the major factors causing the current climate change are greenhouse gases, land use changes, and aerosols and soot.",0.9295221,
The most recent IPCC report lays out a future if we limit global heating to 1.5°C instead of the Paris Agreement’s 2°C.,,Deep reductions in non-CO2 emissions (such as nitrous oxide and methane) will also be required to limit warming to 1.5 °C.,0.6638989,
Humans have been through climate changes before- but mostly cold ones and,,"Their ultimate extinction coincides with Heinrich event 4, a period of intense cold and dry climate causing their preferred forest landscape to give way to steppeland, and future Heinrich events are also associated with massive cultural turnovers where European human populations collapsed.",0.03570440400000008,
Arctic sea ice loss is matched by Antarctic sea ice gain.,,"""Mass gains of the Antarctic ice sheet exceed losses"".",0.8763004000000001,
"During a state House debate on a jobs and energy bill this week, Democrats offered an amendment that would put the Legislature on record saying that climate change is real and that humans are causing it.",,"In a speech in April 2012, Kasich acknowledged that climate change is real and is a problem.",0.91827524,
"For the past 4567 million years, the sun and the Earth’s orbit have driven climate change cycles.",,The Milankovitch cycles are a set of cyclic variations in characteristics of the Earth's orbit around the Sun.,0.92272556,
Global warming is an increasingly urgent problem.,,"People who regard climate change as catastrophic, irreversible, or rapid might label climate change as a climate crisis or a climate emergency.",0.8264053,
Global warming is causing snow to disappear.,,"This effect results in the increased absorption of radiation that accelerates melting.""",-0.14255992000000017,
"Sending oscillating microwaves from an antenna inside a vacuum through an electromagnetic field through a dielectric material, such as water, creates radio frequency heating at the molecular level",,"A microwave oven passes microwave radiation at a frequency near 2.45 GHz (12 cm) through food, causing dielectric heating primarily by absorption of the energy in water.",0.9589439,
This increase is the result of humans emitting more carbon dioxide into the atmosphere and hence more being absorbed into the oceans.,,"More recently, anthropogenic activities have steadily increased the carbon dioxide content of the atmosphere; about 30–40% of the added CO2 is absorbed by the oceans, forming carbonic acid and lowering the pH (now below 8.1) through a process called ocean acidification.",0.5042647,
"Over 31,000 scientists signed the OISM Petition Project",,"The OISM website states that ""several members of the Institute's staff are also well known for their work on the Petition Project"", and that the petition has ""more than 31,000"" signatures by scientists.",0.9617597,
Water vapour is the most dominant greenhouse gas.,,"Water vapor is the most abundant greenhouse gas and is the largest contributor to the natural greenhouse effect, despite having a short atmospheric lifetime (about 10 days).",0.7481491600000001,
"Scientists have known for some time, from multiple lines of evidence, that humans are changing Earth’s climate, primarily through greenhouse gas emissions.",,"In the scientific literature, there is an overwhelming consensus that global surface temperatures have increased in recent decades and that the trend is caused mainly by human-induced emissions of greenhouse gases.",0.5580387,
‘Clean coal’ is an approach in which the emissions from coal-burning power plants would be captured and pumped underground.,,Carbon capture and storage (CCS) is a method to mitigate climate change by capturing carbon dioxide (CO2) from large point sources such as power plants and subsequently storing it away safely instead of releasing it into the atmosphere.,0.86841846,
"About 120,000 years ago, before the last ice age, the planet went through a natural warm period, with temperatures similar to those expected in coming decades.",,[citation needed] The Holocene climatic optimum (HCO) was a period of warming in which the global climate became warmer.,0.9102676999999999,
"Humans are small but powerful, and human CO2 emissions are causing global warming.",,"Human activity since the Industrial Revolution has increased the amount of greenhouse gases in the atmosphere, leading to increased radiative forcing from CO2, methane, tropospheric ozone, CFCs, and nitrous oxide.",0.6731994000000001,
"Arctic, Antarctic and Greenland ice loss is accelerating due to global warming.",,"Around much of Earth, deglaciation during the last 100 years has been accelerating as a result of climate change, partly brought on by anthropogenic changes to greenhouse gases.",-0.33625445,
Over 97 percent of the scientific community â¦ believe that humans are contributing to climate change.,,"Of these, 97% agree, explicitly or implicitly, that global warming is happening and is human-caused.",0.7313303,
"“Moreover, the ocean already contains so-called oxygen minimum zones, generally found in the middle depths.",,These areas are also known as oxygen minimum zones (OMZ).,0.88913417,
Increases in atmospheric CO2 followed increases in temperature.,,"During the late 20th century, a scientific consensus evolved that increasing concentrations of greenhouse gases in the atmosphere cause a substantial rise in global temperatures and changes to other parts of the climate system, with consequences for the environment and for human health.",0.7099674999999999,
Satellite and surface measurements find less energy is escaping to space at CO2 absorption wavelengths.,,CO 2 absorbs and emits infrared radiation at wavelengths of 4.26 µm (asymmetric stretching vibrational mode) and 14.99 µm (bending vibrational mode) and consequently is a greenhouse gas that plays a significant role in influencing Earth's surface temperature through the greenhouse effect.,0.28700346,
"In their worst-case scenario, the sea level could rise by six feet by the end of this century, and the pace could pick up drastically in the 22nd century.",,"A number of later studies have concluded that a global sea level rise of 200 to 270 cm (6.6 to 8.9 ft) this century is ""physically plausible"".",0.2234210700000001,
"The warming trend is the same in rural and urban areas, measured by thermometers and satellites.",,"For example, urban and rural trends are very similar.",0.9239828999999999,
"An area of coastal ecosystems larger than New York City is destroyed every year, removing an important buffer from extreme weather for coastal communities and releasing carbon dioxide into the atmosphere.",,"""special protection and perservation of peat bogs, wetlands, marshlands and mangrove swamps to ensure carbon dioxide is absorbed from the atmosphere.""",0.80856645,
"""His [Dr Spencer's] latest research demonstrates that – in the short term, at any rate –  the temperature feedbacks that the IPCC imagines will greatly amplify  any initial warming caused by CO2 are net-negative, attenuating the  warming they are supposed to enhance.",,"Both theory and climate models indicate that global warming will reduce the rate of temperature decrease with height, producing a negative lapse rate feedback that weakens the greenhouse effect.",0.09734606999999995,
"In other words, we have, trapped in Arctic permafrost, twice as much carbon as is currently wrecking the atmosphere of the planet, all of it scheduled to be released at a date that keeps getting moved up, partially in the form of a gas that multiplies its warming power 86 times over.",,"Release of methane and carbon dioxide stored in permafrost could cause abrupt and severe global warming, as they are potent greenhouse gases.",0.5969652000000001,
"The Obama administration ""has been constrained by the Oil Pollution Act of 1990, which basically gives the responsible party the lead role in trying to not only fix the problem, but contain the problem.""",,"Obama's approach of selectively combining regulation and incentive to various issues in the domestic energy policy, such as coal mining and oil fracking, has received mixed commentary for not being as responsive to the needs of the domestic manufacturing sector as needed, following claims that the domestic manufacturing sector utilizes as much as a third of the nation's available energy resources.",0.19109865999999998,
Climate sensitivity can be calculated empirically by comparing past temperature change to natural forcings at the time.,,One way is to use estimates of global radiative forcing and temperature directly.,0.6884774,
"Sea ice continued its declining trend, both in the Arctic and Antarctic.",,"Sea ice is currently in decline in area, extent, and volume and summertime sea ice may cease to exist sometime during the 21st century.",0.23255044000000002,
"Each year sees the disappearance of thousands of plant and animal species which we will never know, which our children will never see, because they have been lost for ever.",,"In June 2019, one million species of plants and animals were at risk of extinction.",0.13846877000000002,
"Every part of the Earth's climate system has continued warming since 1998, with 2015 shattering temperature records.",,Multiple independently produced instrumental datasets confirm that the 2009–2018 decade was 0.93 ± 0.07 °C warmer than the pre-industrial baseline (1850–1900).,-0.15859982000000017,
"The current debate on the connection between CO2 emissions and climate change has largely overlooked an independent and equally serious problem, the increasing acidity of our oceans.",,"Also, the Intergovernmental Panel on Climate Change (IPCC) writes in their Climate Change 2007: Synthesis Report: ""The uptake of anthropogenic carbon since 1750 has led to the ocean becoming more acidic with an average decrease in pH of 0.1 units.",0.8012367500000002,
warmer oceans have also begun to destabilize glaciers in Greenland and Antarctica,,"In Greenland, glacier retreat has been observed in outlet glaciers, resulting in an increase of the ice flow rate and destabilization of the mass balance of the ice sheet that is their source.",0.42639917000000005,
There is a link between climate change and the NSW bushfires.,,White House explains the link between Climate Change and Wild Fires.,0.2916599500000001,
"According to the WHO, exposure to particulate matter increases the risk of acute lower respiratory infection, chronic obstructive pulmonary disease, heart disease, stroke and lung cancer.",,"Worldwide exposure to PM2.5 contributed to 4.1 million deaths from heart disease and stroke, lung cancer, chronic lung disease, and respiratory infections in 2016.",0.74632096,
The Review concluded that CRU's actions were normal and did not threaten the integrity of peer review.,,"It found that the CRU's work had been ""carried out with integrity"" and had used ""fair and satisfactory"" methods.",-0.12620525000000005,
In 1990 the United Nation’s Intergovernmental Panel on Climate Change (IPCC) predicted that temperatures would rise by 0.54F (0.3C) per decade.,,"Currently, surface temperatures are rising by about 0.2 °C per decade.",0.21453944999999996,
Thick arctic sea ice is in rapid retreat.,,"In 2002 the 12 km (7.5 mi) long floating terminus of the glacier entered a phase of rapid retreat, with the ice front breaking up and the floating terminus disintegrating and accelerating to a retreat rate of over 30 m (98 ft) per day.",0.7869513000000001,
"The CO2 amplifies the warming and mixes through the atmosphere, spreading warming throughout the planet.",,The greenhouse effect is a process by which thermal radiation from a planetary atmosphere warms the planet's surface beyond the temperature it would have in the absence of its atmosphere.,0.47599002999999995,
Ancient natural cycles are irrelevant for attributing recent global warming to humans.,,"Anthropogenic climate change is caused by human activity, as opposed to changes in climate that may have resulted as part of Earth's natural processes.",-0.23668798999999996,
Our evolving dynamic planet has survived[…] mass extinctions,,The Holocene extinction event is an ongoing mass extinction associated with humanity's expansion across the globe over the past few thousand years.,0.6354416999999999,
"We note that the Earth has never in its history had a quasi-stable state that is around 2C warmer than the preindustrial and suggest that there is substantial risk that the system, itself, will ‘want’ to continue warming because of all of these other processes – even if we stop emissions,” she said.",,"Study author Katherine Richardson stresses, ""We note that the Earth has never in its history had a quasi-stable state that is around 2 °C warmer than the preindustrial and suggest that there is substantial risk that the system, itself, will ‘want’ to continue warming because of all of these other processes – even if we stop emissions.",0.9736229000000001,
"The United States is the leading nation in the world ""with the highest amount of doubt about the conventional wisdom of climate change.""",,The number of these climate skeptics is greater in the US than in any other country.,0.46970350000000005,
"That’s because as Antarctica’s mass shrinks, the ice sheet’s gravitational pull on the ocean relaxes somewhat, and the seas travel back across the globe to pile up far away — with U.S. coasts being one prime destination.”",,"With the loss of mass, the gravitational pull becomes less and local water levels might drop.",0.8827759,
Extreme weather events are being made more frequent and worse by global warming.,,"Climate change caused by human activities that emit greenhouse gases into the air is expected to affect the frequency of extreme weather events such as drought, extreme temperatures, flooding, high winds, and severe storms.",0.6583309000000002,
"This means the jet stream meanders more, with big loops bringing warm air to the frozen north and cold air into warmer southern climes.”",,This jet stream instability brings warm air north as well as cold air south.,0.48086882,
"A longer and warmer growing season also has an effect, Dr. Overpeck said, as plants take up more water, further reducing stream flows.",,"As climate change more rapidly progresses, temperature increases will affect the length of the growing season.",0.33151041999999986,
"“We indicated 23 years ago — in our 1994 Nature article — that climate models had the atmosphere’s sensitivity to CO2 much too high,” Christy said in a statement.",,"The sensitivity of temperature to atmospheric gasses, most notably CO 2, is often expressed in terms of the change in temperature per doubling of the concentration of the gas.",0.91671276,
An independent inquiry found CRU is a small research unit with limited resources and their rigour and honesty are not in doubt.,,"The ""rigour and honesty"" of the scientists at the Climatic Research Unit were found not to be in doubt.",0.9189780000000001,
"With more CO2 in the atmosphere, the challenge [feeding 2.5 billion more people] can and will be met.",,"To set these numbers into context, assuming a global population around 9–10 billion by 2050 a carbon footprint of about 2–2.5 tons CO2e per capita is needed to stay within a 2 °C target.",0.82606614,
"While the north-east, midwest and upper great plains have experienced a 30% increase in heavy rainfall episodes – considered once-in-every-five year downpours – parts of the west, particularly California, have been parched by drought.",,"By August 2014, a three-year drought was prompting changes to the agriculture industry in the valley.",0.20116201,
But [climate scientists] say that aspects of the case of Hurricane Harvey—and the recent history of tropical cyclones worldwide—suggest global warming is making a bad situation worse.,,"Global warming not only causes changes in tropical cyclones, it may also make some impacts from them worse via sea level rise.",0.8523582999999999,
CO2 emissions from all commercial operations in 2018 totaled 918 million metric tons—2.4% of global CO2 emissions from fossil fuel use.,,"In 2018, global commercial operations emitted 918 million tonnes (Mt) of CO₂, 2.4% of all CO₂ emissions: 747 Mt for passenger transport and 171 Mt for freight operations.",0.3614184599999999,
"""Many people think the science of climate change is settled.",,"The scientific consensus on climate change is ""that climate is changing and that these changes are in large part caused by human activities"", and it ""is largely irreversible"".",0.8169662,
"""...the largest of all the positive or temperature-amplifying feedbacks in  the UN’s arsenal is the water-vapor feedback.",,"The main positive feedback in global warming is the tendency of warming to increase the amount of water vapor in the atmosphere, which in turn leads to further warming.",0.9643033000000001,
"While there are uncertainties with climate models, they successfully reproduce the past and have made predictions that have been subsequently confirmed by observations.",,"Nevertheless, within three years most of the basic assumptions made by Rowland and Molina were confirmed by laboratory measurements and by direct observation in the stratosphere.",0.9573054000000001,
But [climate scientists] say that aspects of the case of Hurricane Harvey—and the recent history of tropical cyclones worldwide—suggest global warming is making a bad situation worse.,,"Weather events are due to multiple factors, and so cannot be said to be caused by one precondition, but climate change affects aspects of extreme events, and very likely worsened some of the impacts of Harvey.",0.86579096,
[T]he overwhelming majority of peer-reviewed studies  [find] that CO2 in the atmosphere remained there a short time.,,"Some climate change denial groups say that because CO 2 is only a trace gas in the atmosphere (roughly 400ppm, or 0.04%, 4 parts per 10,000) it can only have a minor effect on the climate.",-0.38899543999999997,
Sea ice has diminished much faster than scientists and climate models anticipated.,,"However, these models do tend to underestimate the rate of sea ice loss since 2007.",0.5812824399999998,
"Even during a period of long term warming, there are short periods of cooling due to climate variability.",,El Niño events cause short-term (approximately 1 year in length) spikes in global average surface temperature while La Niña events cause short term cooling.,0.75227416,
"Greenland on the whole is losing ice, as confirmed by satellite measurement.",,"This glacier was discovered in 2002 to be shrinking rapidly, and by 2007 had completely melted away, leaving the exposed island.",0.6941495,
"But the heads of small island nations, fearful of rising sea levels, had also asked scientists to examine the effects of 2.7 degrees of warming.",,"""Rising sea levels threaten small Pacific island nations"".",0.8450981399999999,
"It “certainly puts the kibosh on everyone saying that Antarctica’s ice is just going up and up,” Meier said.",,"""A 40-y record reveals gradual Antarctic sea ice increases followed by decreases at rates far exceeding the rates seen in the Arctic"".",0.23829879999999992,
"Every four minutes, another American home or business goes solar.",,"The new city hall, built from recycled materials, has solar panels in its garage.",0.6336007000000001,
"Fourth Assessment Report (AR4), in which the likely range is given as 2.0°C to 4.5°C, with a best estimate of 3.0°C"" (Pat Michaels)",,"In its 2007 Fourth Assessment Report, IPCC said that climate sensitivity is ""likely to be in the range 2 to 4.5 °C with a best estimate of about 3 °C"".",0.97550124,
Satellites and on-site measurements are observing that Himalayan glaciers are disappearing at an accelerating rate.,,An acceleration of ice loss across the Himalayas over the past 40 years has been proved with satellite photos.,0.5946133,
"The argument that solving the global warming problem by reducing human greenhouse gas emissions is ""too hard"" generally stems from the belief that (i) our technology is not sufficiently advanced to achieve significant emissions reductions,",,"The development and scaling-up of clean technology, such as cement that produces less CO2, is critical to achieve sufficient emission reductions for the Paris agreement goals.",0.8644483000000001,
